{
  "classification": "valuation_risk_watchlist",
  "confidence": 0.8,
  "reason": "Valuation multiples are highly stretched alongside a large expectations gap. Priced for perfection.",
  "metrics": {
    "gross_margin": 0.4690516410716045,
    "fcf_margin": 0.23732882225869315,
    "net_margin": 0.2691506412181824,
    "operating_margin": 0.31970799762591884,
    "debt_to_equity": 1.229815686327696,
    "current_ratio": 0.8932929222186667,
    "pe_ratio": 40.81015953254274
  },
  "red_flags": [],
  "missing_data": [],
  "advanced_scores": {
    "operating_leverage_convexity": {
      "score": 59.6453458723941,
      "confidence": 1.0,
      "inputs_used": {
        "gross_margin": 0.4690516410716045,
        "revenue_growth_yoy": 0.06425511782832749,
        "operating_leverage_ratio": 1.242096601728765,
        "operating_margin_trend": 0.021493874975671623,
        "fcf_margin_trend": -0.022488285115714907
      },
      "missing_inputs": [],
      "explanation": "Operating leverage from GM\u00d7growth + op-leverage 1.24\u00d7 (convex), op-margin rising. Score: 59.6",
      "failure_modes": []
    },
    "reflexivity_risk": {
      "score": 49.82132636332466,
      "confidence": 1.0,
      "inputs_used": {
        "current_ratio": 0.8932929222186667,
        "debt_to_equity": 1.229815686327696,
        "sbc_to_revenue": 0.030908710811440764,
        "shares_change": -0.04992036136112765,
        "volatility": 0.30449798020255914,
        "max_drawdown": -0.2298895691028625
      },
      "missing_inputs": [],
      "explanation": "Financial reflexivity from leverage/liquidity (MVP \u2014 not true reflexivity). Risk: 49.8",
      "failure_modes": []
    },
    "expectations_gap": {
      "score": 98.84285280227385,
      "confidence": 1.0,
      "inputs_used": {
        "implied_growth": 0.1904490678582079,
        "historical_growth_ttm": 0.03404984808816377,
        "pe_ratio": 40.81015953254274,
        "fcf_margin_trend": -0.022488285115714907
      },
      "missing_inputs": [],
      "explanation": "Implied growth +19.0% vs historical +3.4% + PE 41, FCF margin slipping. Score: 98.8",
      "failure_modes": []
    },
    "thesis_fragility": {
      "score": 55.57500898211707,
      "confidence": 1.0,
      "inputs_used": {
        "dcf_sensitivity_impact": 0.6154871950810727,
        "pe_ratio": 40.81015953254274,
        "implied_growth": 0.1904490678582079,
        "historical_growth_ttm": 0.03404984808816377,
        "fcf_margin": 0.23732882225869315,
        "fcf_margin_trend": -0.022488285115714907,
        "sbc_to_revenue": 0.030908710811440764,
        "debt_to_equity": 1.229815686327696,
        "current_ratio": 0.8932929222186667,
        "volatility": 0.30449798020255914,
        "max_drawdown": -0.2298895691028625
      },
      "missing_inputs": [],
      "explanation": "Fragility blend of sensitivity 0.62, valuation 0.68, growth_dependency 0.52. Score: 55.6",
      "failure_modes": []
    },
    "misunderstood_change": {
      "score": 32.71414010964475,
      "confidence": 0.5,
      "inputs_used": {
        "capex_growth": 0.07714140109644751
      },
      "missing_inputs": [
        "sentiment_shift"
      ],
      "explanation": "Misunderstood change: capex +7.7% (sentiment feed missing \u2014 weak). Score: 32.7",
      "failure_modes": []
    }
  },
  "thesis_invalidation_triggers": [
    "Growth deceleration",
    "Multiple contraction"
  ],
  "monitor_next": [
    "Revenue growth",
    "Valuation multiples"
  ],
  "m4_memo_status": "Unavailable",
  "hallucination_audit": "PASSED",
  "ticker": "AAPL",
  "real_inputs": {
    "gross_margin": 0.4690516410716045,
    "operating_margin": 0.31970799762591884,
    "net_margin": 0.2691506412181824,
    "fcf_margin": 0.23732882225869315,
    "current_ratio": 0.8932929222186667,
    "debt_to_equity": 1.229815686327696,
    "sbc_to_revenue": 0.030908710811440764,
    "revenue_growth_yoy": 0.06425511782832749,
    "operating_income_growth_yoy": 0.07981106349824696,
    "operating_leverage_ratio": 1.242096601728765,
    "revenue_cagr": 0.04200493918237114,
    "fcf_growth": -0.004110512746207329,
    "capex_growth": 0.07714140109644751,
    "gross_margin_trend": 0.0277403452995289,
    "operating_margin_trend": 0.021493874975671623,
    "fcf_margin_trend": -0.022488285115714907,
    "shares_change": -0.04992036136112765,
    "historical_growth_ttm": 0.03404984808816377,
    "operating_cash_flow": 111482000000.0,
    "ocf_concept": "NetCashProvidedByUsedInOperatingActivities",
    "capex": 12715000000.0,
    "capex_concept": "PaymentsToAcquirePropertyPlantAndEquipment",
    "fcf": 98767000000.0,
    "fcf_confidence": 1.0,
    "pe_ratio": 40.81015953254274,
    "enterprise_value": 4625889969240.112,
    "wacc": 0.09887562423410262,
    "wacc_confidence": 0.75,
    "wacc_assumptions": {
      "wacc": 0.09887562423410262,
      "method": "capm_phase_a",
      "risk_free_rate": 0.045,
      "equity_risk_premium": 0.05,
      "beta": 1.1,
      "beta_source": "default",
      "cost_of_equity": 0.1,
      "cost_of_debt": 0.05,
      "cost_of_debt_source": "fallback",
      "tax_rate": 0.15610002335586043,
      "tax_rate_source": "income_tax/pretax",
      "weight_equity": 0.9805488150993439,
      "weight_debt": 0.01945118490065611,
      "confidence": 0.75,
      "missing_flags": [
        "cost_of_debt"
      ],
      "risk_free_source": "fallback"
    },
    "implied_growth": 0.1904490678582079,
    "dcf_sensitivity_impact": 0.6154871950810727,
    "valuation_percentiles": {
      "pe": {
        "current": 40.81015953254274,
        "percentile": 1.0,
        "n_years": 3,
        "min": 27.374266993206902,
        "median": 33.188188428106,
        "max": 37.61402575709607
      },
      "ev_revenue": {
        "current": 11.115625849707474,
        "percentile": 1.0,
        "n_years": 3,
        "min": 7.123433025049516,
        "median": 9.064167439601869,
        "max": 9.18717587522129
      },
      "p_fcf": {
        "current": 46.28211820992956,
        "percentile": 1.0,
        "n_years": 3,
        "min": 26.66258663044368,
        "median": 32.404057812155074,
        "max": 37.638168475626
      }
    },
    "volatility": 0.30449798020255914,
    "max_drawdown": -0.2298895691028625
  },
  "market_cap": 4571145969240.112,
  "price_used": 311.2300109863281,
  "input_missing_flags": [],
  "wacc": 0.09887562423410262,
  "wacc_assumptions": {
    "wacc": 0.09887562423410262,
    "method": "capm_phase_a",
    "risk_free_rate": 0.045,
    "equity_risk_premium": 0.05,
    "beta": 1.1,
    "beta_source": "default",
    "cost_of_equity": 0.1,
    "cost_of_debt": 0.05,
    "cost_of_debt_source": "fallback",
    "tax_rate": 0.15610002335586043,
    "tax_rate_source": "income_tax/pretax",
    "weight_equity": 0.9805488150993439,
    "weight_debt": 0.01945118490065611,
    "confidence": 0.75,
    "missing_flags": [
      "cost_of_debt"
    ],
    "risk_free_source": "fallback"
  },
  "fcf": {
    "operating_cash_flow": 111482000000.0,
    "capex": 12715000000.0,
    "fcf": 98767000000.0,
    "fcf_margin": 0.23732882225869315,
    "capex_concept": "PaymentsToAcquirePropertyPlantAndEquipment",
    "ocf_concept": "NetCashProvidedByUsedInOperatingActivities",
    "confidence": 1.0
  },
  "wacc_source": {
    "risk_free_source": "fallback",
    "beta_source": "default",
    "cost_of_debt_source": "fallback",
    "tax_rate_source": "income_tax/pretax",
    "method": "capm_phase_a"
  },
  "valuation_percentiles": {
    "pe": {
      "current": 40.81015953254274,
      "percentile": 1.0,
      "n_years": 3,
      "min": 27.374266993206902,
      "median": 33.188188428106,
      "max": 37.61402575709607
    },
    "ev_revenue": {
      "current": 11.115625849707474,
      "percentile": 1.0,
      "n_years": 3,
      "min": 7.123433025049516,
      "median": 9.064167439601869,
      "max": 9.18717587522129
    },
    "p_fcf": {
      "current": 46.28211820992956,
      "percentile": 1.0,