{
  "classification": "wait_for_better_price",
  "confidence": 0.75,
  "reason": "Business is solid but current valuation multiples and expectations gap suggest limited margin of safety.",
  "metrics": {
    "gross_margin": 0.4951644100580271,
    "fcf_margin": 0.19443401945783653,
    "net_margin": 0.12514795461762754,
    "operating_margin": 0.10664280146655504,
    "debt_to_equity": 0.037270432864013714,
    "current_ratio": 2.850026441036489,
    "pe_ratio": 196.80052462043668
  },
  "red_flags": [],
  "missing_data": [],
  "advanced_scores": {
    "operating_leverage_convexity": {
      "score": 95.00285315747053,
      "confidence": 1.0,
      "inputs_used": {
        "gross_margin": 0.4951644100580271,
        "revenue_growth_yoy": 0.3433779329067288,
        "operating_leverage_ratio": 2.749770546764471,
        "operating_margin_trend": 0.08896202545244569,
        "fcf_margin_trend": 0.14500721169769543
      },
      "missing_inputs": [],
      "explanation": "Operating leverage from GM\u00d7growth + op-leverage 2.75\u00d7 (convex), op-margin rising. Score: 95.0",
      "failure_modes": []
    },
    "reflexivity_risk": {
      "score": 14.347271915735611,
      "confidence": 1.0,
      "inputs_used": {
        "current_ratio": 2.850026441036489,
        "debt_to_equity": 0.037270432864013714,
        "sbc_to_revenue": 0.04728773925344265,
        "shares_change": 0.009050700023617742,
        "volatility": 0.6724605775117256,
        "max_drawdown": -0.29022599735342614
      },
      "missing_inputs": [],
      "explanation": "Financial reflexivity from leverage/liquidity + dilution +0.9%, vol 67%, drawdown -29% (MVP \u2014 not true reflexivity). Risk: 14.3",
      "failure_modes": []
    },
    "expectations_gap": {
      "score": 0.0,
      "confidence": 1.0,
      "inputs_used": {
        "implied_growth": 0.3696707003013338,
        "historical_growth_ttm": 0.6767809392644519,
        "pe_ratio": 196.80052462043668,
        "fcf_margin_trend": 0.14500721169769543
      },
      "missing_inputs": [],
      "explanation": "Implied growth +37.0% vs historical +67.7% + PE 197. Score: 0.0",
      "failure_modes": []
    },
    "thesis_fragility": {
      "score": 43.80381518727367,
      "confidence": 1.0,
      "inputs_used": {
        "dcf_sensitivity_impact": 0.6246780432535611,
        "pe_ratio": 196.80052462043668,
        "implied_growth": 0.3696707003013338,
        "historical_growth_ttm": 0.6767809392644519,
        "fcf_margin": 0.19443401945783653,
        "sbc_to_revenue": 0.04728773925344265,
        "shares_change": 0.009050700023617742,
        "debt_to_equity": 0.037270432864013714,
        "volatility": 0.6724605775117256,
        "max_drawdown": -0.29022599735342614
      },
      "missing_inputs": [],
      "explanation": "Fragility blend of sensitivity 0.62, valuation 1.00, price_risk 0.84. Score: 43.8",
      "failure_modes": []
    },
    "misunderstood_change": {
      "score": 58.56207485221185,
      "confidence": 0.5,
      "inputs_used": {
        "capex_growth": 0.33562074852211854
      },
      "missing_inputs": [
        "sentiment_shift"
      ],
      "explanation": "Misunderstood change: capex +33.6% (sentiment feed missing \u2014 weak). Score: 58.6",
      "failure_modes": []
    }
  },
  "thesis_invalidation_triggers": [
    "Multiple compression"
  ],
  "monitor_next": [
    "Price action",
    "Entry multiples"
  ],
  "m4_memo_status": "Unavailable",
  "hallucination_audit": "PASSED",
  "ticker": "AMD",
  "real_inputs": {
    "gross_margin": 0.4951644100580271,
    "operating_margin": 0.10664280146655504,
    "net_margin": 0.12514795461762754,
    "fcf_margin": 0.19443401945783653,
    "current_ratio": 2.850026441036489,
    "debt_to_equity": 0.037270432864013714,
    "sbc_to_revenue": 0.04728773925344265,
    "revenue_growth_yoy": 0.3433779329067288,
    "operating_income_growth_yoy": 0.9442105263157894,
    "operating_leverage_ratio": 2.749770546764471,
    "revenue_cagr": 0.23583686988187713,
    "fcf_growth": 1.4511280150047496,
    "capex_growth": 0.33562074852211854,
    "gross_margin_trend": 0.033965115525399214,
    "operating_margin_trend": 0.08896202545244569,
    "fcf_margin_trend": 0.14500721169769543,
    "shares_change": 0.009050700023617742,
    "historical_growth_ttm": 0.6767809392644519,
    "operating_cash_flow": 7709000000.0,
    "ocf_concept": "NetCashProvidedByUsedInOperatingActivities",
    "capex": 974000000.0,
    "capex_concept": "PaymentsToAcquirePropertyPlantAndEquipment",
    "fcf": 6735000000.0,
    "fcf_confidence": 1.0,
    "pe_ratio": 196.80052462043668,
    "enterprise_value": 849939274229.593,
    "wacc": 0.1148053369617715,
    "wacc_confidence": 0.95,
    "wacc_assumptions": {
      "wacc": 0.1148053369617715,
      "method": "capm_phase_a",
      "risk_free_rate": 0.045,
      "equity_risk_premium": 0.05,
      "beta": 1.4,
      "beta_source": "sector_fallback:semiconductor",
      "cost_of_equity": 0.11499999999999999,
      "cost_of_debt": 0.05579216354344123,
      "cost_of_debt_source": "interest_expense/total_debt",
      "tax_rate": 0.21,
      "tax_rate_source": "fallback",
      "weight_equity": 0.9972553364933615,
      "weight_debt": 0.002744663506638445,
      "confidence": 0.95,
      "missing_flags": [
        "tax_rate_out_of_band"
      ],
      "risk_free_source": "fallback"
    },
    "implied_growth": 0.3696707003013338,
    "dcf_sensitivity_impact": 0.6246780432535611,
    "valuation_percentiles": {
      "pe": {
        "current": 196.80052462043668,
        "percentile": 0.75,
        "n_years": 3,
        "min": 89.03509847693734,
        "median": 117.37355975160345,
        "max": 341.1883419158362
      },
      "ev_revenue": {
        "current": 24.537061526879906,
        "percentile": 1.0,
        "n_years": 3,
        "min": 7.38972315502739,
        "median": 11.050438866523958,
        "max": 12.749508112703884
      },
      "p_fcf": {
        "current": 126.67116172673987,
        "percentile": 0.75,
        "n_years": 3,
        "min": 57.30766917557882,
        "median": 80.08732289080302,
        "max": 259.92403567896883
      }
    },
    "volatility": 0.6724605775117256,
    "max_drawdown": -0.29022599735342614
  },
  "market_cap": 853130274229.593,
  "price_used": 523.2000122070312,
  "input_missing_flags": [],
  "wacc": 0.1148053369617715,
  "wacc_assumptions": {
    "wacc": 0.1148053369617715,
    "method": "capm_phase_a",
    "risk_free_rate": 0.045,
    "equity_risk_premium": 0.05,
    "beta": 1.4,
    "beta_source": "sector_fallback:semiconductor",
    "cost_of_equity": 0.11499999999999999,
    "cost_of_debt": 0.05579216354344123,
    "cost_of_debt_source": "interest_expense/total_debt",
    "tax_rate": 0.21,
    "tax_rate_source": "fallback",
    "weight_equity": 0.9972553364933615,
    "weight_debt": 0.002744663506638445,
    "confidence": 0.95,
    "missing_flags": [
      "tax_rate_out_of_band"
    ],
    "risk_free_source": "fallback"
  },
  "fcf": {
    "operating_cash_flow": 7709000000.0,
    "capex": 974000000.0,
    "fcf": 6735000000.0,
    "fcf_margin": 0.19443401945783653,
    "capex_concept": "PaymentsToAcquirePropertyPlantAndEquipment",
    "ocf_concept": "NetCashProvidedByUsedInOperatingActivities",
    "confidence": 1.0
  },
  "wacc_source": {
    "risk_free_source": "fallback",
    "beta_source": "sector_fallback:semiconductor",
    "cost_of_debt_source": "interest_expense/total_debt",
    "tax_rate_source": "fallback",
    "method": "capm_phase_a"
  },
  "valuation_percentiles": {
    "pe": {
      "current": 196.80052462043668,
      "percentile": 0.75,
      "n_years": 3,
      "min": 89.03509847693734,
      "median": 117.37355975160345,
      "max": 341.1883419158362
    },
    "ev_revenue": {
      "current": 24.537061526879906,
      "percentile": 1.0,
      "n_years": 3,
      "min": 7.38972315502739,
      "median": 11.050438866523958,
      "max": 12.749508112703884
    },