{
  "classification": "wait_for_better_price",
  "confidence": 0.75,
  "reason": "Business is solid but current valuation multiples and expectations gap suggest limited margin of safety.",
  "metrics": {
    "fcf_margin": 0.38744431532055007,
    "net_margin": 0.2622748402091807,
    "debt_to_equity": 1.6845014040748043,
    "pe_ratio": 19.68498868253226
  },
  "red_flags": [],
  "missing_data": [
    "gross_margin",
    "operating_margin",
    "current_ratio"
  ],
  "advanced_scores": {
    "operating_leverage_convexity": {
      "score": 48.19253058596265,
      "confidence": 0.5,
      "inputs_used": {
        "revenue_growth_yoy": 0.06385061171925299,
        "fcf_margin_trend": -0.06921644022784051
      },
      "missing_inputs": [
        "gross_margin"
      ],
      "explanation": "Operating leverage from GM\u00d7growth. Score: 48.2",
      "failure_modes": []
    },
    "reflexivity_risk": {
      "score": 45.0240393152749,
      "confidence": 0.5,
      "inputs_used": {
        "debt_to_equity": 1.6845014040748043,
        "sbc_to_revenue": 0.013340112337788108,
        "shares_change": -0.05146751897796775,
        "volatility": 0.3149730538414297,
        "max_drawdown": -0.23895331350572757
      },
      "missing_inputs": [
        "current_ratio"
      ],
      "explanation": "Financial reflexivity from leverage/liquidity (MVP \u2014 not true reflexivity). Risk: 45.0",
      "failure_modes": []
    },
    "expectations_gap": {
      "score": 54.72804896727381,
      "confidence": 1.0,
      "inputs_used": {
        "implied_growth": 0.028132808694959203,
        "historical_growth_ttm": 0.029220612825863967,
        "pe_ratio": 19.68498868253226,
        "fcf_margin_trend": -0.06921644022784051
      },
      "missing_inputs": [],
      "explanation": "Implied growth +2.8% vs historical +2.9% + FCF margin slipping. Score: 54.7",
      "failure_modes": []
    },
    "thesis_fragility": {
      "score": 42.794708958941584,
      "confidence": 1.0,
      "inputs_used": {
        "dcf_sensitivity_impact": 0.584612030977455,
        "pe_ratio": 19.68498868253226,
        "implied_growth": 0.028132808694959203,
        "historical_growth_ttm": 0.029220612825863967,
        "fcf_margin": 0.38744431532055007,
        "fcf_margin_trend": -0.06921644022784051,
        "sbc_to_revenue": 0.013340112337788108,
        "debt_to_equity": 1.6845014040748043,
        "volatility": 0.3149730538414297,
        "max_drawdown": -0.23895331350572757
      },
      "missing_inputs": [],
      "explanation": "Fragility blend of sensitivity 0.58, leverage 0.84, margin 0.60. Score: 42.8",
      "failure_modes": []
    },
    "misunderstood_change": {
      "score": 49.559364115025915,
      "confidence": 0.5,
      "inputs_used": {
        "capex_growth": 0.24559364115025906
      },
      "missing_inputs": [
        "sentiment_shift"
      ],
      "explanation": "Misunderstood change: capex +24.6% (sentiment feed missing \u2014 weak). Score: 49.6",
      "failure_modes": []
    }
  },
  "thesis_invalidation_triggers": [
    "Multiple compression"
  ],
  "monitor_next": [
    "Price action",
    "Entry multiples"
  ],
  "m4_memo_status": "Unavailable",
  "hallucination_audit": "PASSED",
  "ticker": "AXP",
  "real_inputs": {
    "net_margin": 0.2622748402091807,
    "fcf_margin": 0.38744431532055007,
    "debt_to_equity": 1.6845014040748043,
    "sbc_to_revenue": 0.013340112337788108,
    "revenue_growth_yoy": 0.06385061171925299,
    "revenue_cagr": 0.05346361475795347,
    "fcf_growth": -0.02965238799961456,
    "capex_growth": 0.24559364115025906,
    "fcf_margin_trend": -0.06921644022784051,
    "shares_change": -0.05146751897796775,
    "historical_growth_ttm": 0.029220612825863967,
    "operating_cash_flow": 18428000000.0,
    "ocf_concept": "NetCashProvidedByUsedInOperatingActivities",
    "capex": 2425000000.0,
    "capex_concept": "PaymentsToAcquirePropertyPlantAndEquipment",
    "fcf": 16003000000.0,
    "fcf_confidence": 1.0,
    "pe_ratio": 19.68498868253226,
    "enterprise_value": 269634482397.87198,
    "wacc": 0.08729870138063187,
    "wacc_confidence": 0.75,
    "wacc_assumptions": {
      "wacc": 0.08729870138063187,
      "method": "capm_phase_a",
      "risk_free_rate": 0.045,
      "equity_risk_premium": 0.05,
      "beta": 1.1,
      "beta_source": "default",
      "cost_of_equity": 0.1,
      "cost_of_debt": 0.05,
      "cost_of_debt_source": "fallback",
      "tax_rate": 0.21471547662196447,
      "tax_rate_source": "income_tax/pretax",
      "weight_equity": 0.7908761539008372,
      "weight_debt": 0.2091238460991628,
      "confidence": 0.75,
      "missing_flags": [
        "cost_of_debt"
      ],
      "risk_free_source": "fallback"
    },
    "implied_growth": 0.028132808694959203,
    "dcf_sensitivity_impact": 0.584612030977455,
    "valuation_percentiles": {
      "pe": {
        "current": 19.68498868253226,
        "percentile": 0.5,
        "n_years": 3,
        "min": 17.137108551154704,
        "median": 21.717353310392443,
        "max": 22.250792637475815
      },
      "ev_revenue": {
        "current": 6.528047704771256,
        "percentile": 0.5,
        "n_years": 3,
        "min": 5.14192452596511,
        "median": 6.946299334989441,
        "max": 7.2009935270621614
      },
      "p_fcf": {
        "current": 13.325469124406172,
        "percentile": 0.5,
        "n_years": 3,
        "min": 8.443524770967844,
        "median": 15.062353098904925,
        "max": 18.12135033206731
      }
    },
    "volatility": 0.3149730538414297,
    "max_drawdown": -0.23895331350572757
  },
  "market_cap": 213247482397.87198,
  "price_used": 312.5299987792969,
  "input_missing_flags": [
    "gross_margin",
    "operating_margin",
    "current_ratio"
  ],
  "wacc": 0.08729870138063187,
  "wacc_assumptions": {
    "wacc": 0.08729870138063187,
    "method": "capm_phase_a",
    "risk_free_rate": 0.045,
    "equity_risk_premium": 0.05,
    "beta": 1.1,
    "beta_source": "default",
    "cost_of_equity": 0.1,
    "cost_of_debt": 0.05,
    "cost_of_debt_source": "fallback",
    "tax_rate": 0.21471547662196447,
    "tax_rate_source": "income_tax/pretax",
    "weight_equity": 0.7908761539008372,
    "weight_debt": 0.2091238460991628,
    "confidence": 0.75,
    "missing_flags": [
      "cost_of_debt"
    ],
    "risk_free_source": "fallback"
  },
  "fcf": {
    "operating_cash_flow": 18428000000.0,
    "capex": 2425000000.0,
    "fcf": 16003000000.0,
    "fcf_margin": 0.38744431532055007,
    "capex_concept": "PaymentsToAcquirePropertyPlantAndEquipment",
    "ocf_concept": "NetCashProvidedByUsedInOperatingActivities",
    "confidence": 1.0
  },
  "wacc_source": {
    "risk_free_source": "fallback",
    "beta_source": "default",
    "cost_of_debt_source": "fallback",
    "tax_rate_source": "income_tax/pretax",
    "method": "capm_phase_a"
  },
  "valuation_percentiles": {
    "pe": {
      "current": 19.68498868253226,
      "percentile": 0.5,
      "n_years": 3,
      "min": 17.137108551154704,
      "median": 21.717353310392443,
      "max": 22.250792637475815
    },
    "ev_revenue": {
      "current": 6.528047704771256,
      "percentile": 0.5,
      "n_years": 3,
      "min": 5.14192452596511,
      "median": 6.946299334989441,
      "max": 7.2009935270621614
    },
    "p_fcf": {
      "current": 13.325469124406172,
      "percentile": 0.5,
      "n_years": 3,
      "min": 8.443524770967844,
      "median": 15.062353098904925,
      "max": 18.12135033206731
    }
  }
}