{
  "classification": "wait_for_better_price",
  "confidence": 0.75,
  "reason": "Business is solid but current valuation multiples and expectations gap suggest limited margin of safety.",
  "metrics": {
    "gross_margin": 0.8236651721415028,
    "fcf_margin": 0.4693590314797676,
    "net_margin": 0.3630996776634105,
    "operating_margin": 0.3159495165398041,
    "current_ratio": 7.109823993412619,
    "pe_ratio": 209.0257482675925
  },
  "red_flags": [],
  "missing_data": [
    "debt_to_equity"
  ],
  "advanced_scores": {
    "operating_leverage_convexity": {
      "score": 100.0,
      "confidence": 1.0,
      "inputs_used": {
        "gross_margin": 0.8236651721415028,
        "revenue_growth_yoy": 0.5618339093221549,
        "operating_leverage_ratio": 6.328234392791581,
        "operating_margin_trend": 0.2620325039574,
        "fcf_margin_trend": 0.15607128291931038
      },
      "missing_inputs": [],
      "explanation": "Operating leverage from GM\u00d7growth + op-leverage 6.33\u00d7 (convex), op-margin rising. Score: 100.0",
      "failure_modes": []
    },
    "reflexivity_risk": {
      "score": 49.00499007086828,
      "confidence": 0.5,
      "inputs_used": {
        "current_ratio": 7.109823993412619,
        "sbc_to_revenue": 0.15284130341422955,
        "shares_change": 0.0868422200890131,
        "volatility": 0.5754909486265136,
        "max_drawdown": -0.3818901337688695
      },
      "missing_inputs": [
        "debt_to_equity"
      ],
      "explanation": "Financial reflexivity from leverage/liquidity + SBC 15.3% of revenue, dilution +8.7%, vol 58%, drawdown -38% (MVP \u2014 not true reflexivity). Risk: 49.0",
      "failure_modes": []
    },
    "expectations_gap": {
      "score": 20.581612907538933,
      "confidence": 1.0,
      "inputs_used": {
        "implied_growth": 0.3943310813072821,
        "historical_growth_ttm": 0.5720046296771264,
        "pe_ratio": 209.0257482675925,
        "fcf_margin_trend": 0.15607128291931038
      },
      "missing_inputs": [],
      "explanation": "Implied growth +39.4% vs historical +57.2% + PE 209. Score: 20.6",
      "failure_modes": []
    },
    "thesis_fragility": {
      "score": 51.169232612586946,
      "confidence": 1.0,
      "inputs_used": {
        "dcf_sensitivity_impact": 0.6686330157428346,
        "pe_ratio": 209.0257482675925,
        "implied_growth": 0.3943310813072821,
        "historical_growth_ttm": 0.5720046296771264,
        "fcf_margin": 0.4693590314797676,
        "sbc_to_revenue": 0.15284130341422955,
        "shares_change": 0.0868422200890131,
        "volatility": 0.5754909486265136,
        "max_drawdown": -0.3818901337688695
      },
      "missing_inputs": [],
      "explanation": "Fragility blend of sensitivity 0.67, valuation 1.00, dilution 1.00. Score: 51.2",
      "failure_modes": []
    },
    "misunderstood_change": {
      "score": 74.72516836550957,
      "confidence": 0.5,
      "inputs_used": {
        "capex_growth": 0.49725168365509576
      },
      "missing_inputs": [
        "sentiment_shift"
      ],
      "explanation": "Misunderstood change: capex +49.7% (sentiment feed missing \u2014 weak). Score: 74.7",
      "failure_modes": []
    }
  },
  "thesis_invalidation_triggers": [
    "Multiple compression"
  ],
  "monitor_next": [
    "Price action",
    "Entry multiples"
  ],
  "m4_memo_status": "Unavailable",
  "hallucination_audit": "PASSED",
  "ticker": "PLTR",
  "real_inputs": {
    "gross_margin": 0.8236651721415028,
    "operating_margin": 0.3159495165398041,
    "net_margin": 0.3630996776634105,
    "fcf_margin": 0.4693590314797676,
    "current_ratio": 7.109823993412619,
    "sbc_to_revenue": 0.15284130341422955,
    "revenue_growth_yoy": 0.5618339093221549,
    "operating_income_growth_yoy": 3.5554166680090074,
    "operating_leverage_ratio": 6.328234392791581,
    "revenue_cagr": 0.4182473537280267,
    "fcf_growth": 0.7359326259811976,
    "capex_growth": 0.49725168365509576,
    "gross_margin_trend": 0.017419183355824375,
    "operating_margin_trend": 0.2620325039574,
    "fcf_margin_trend": 0.15607128291931038,
    "shares_change": 0.0868422200890131,
    "historical_growth_ttm": 0.5720046296771264,
    "operating_cash_flow": 2134473000.0,
    "ocf_concept": "NetCashProvidedByUsedInOperatingActivities",
    "capex": 33882000.0,
    "capex_concept": "PaymentsToAcquirePropertyPlantAndEquipment",
    "fcf": 2100591000.0,
    "fcf_confidence": 1.0,
    "pe_ratio": 209.0257482675925,
    "enterprise_value": 338249942784.53064,
    "wacc": 0.11,
    "wacc_confidence": 0.85,
    "wacc_assumptions": {
      "wacc": 0.11,
      "method": "capm_phase_a",
      "risk_free_rate": 0.045,
      "equity_risk_premium": 0.05,
      "beta": 1.3,
      "beta_source": "sector_fallback:speculative_tech",
      "cost_of_equity": 0.11,
      "cost_of_debt": 0.05,
      "cost_of_debt_source": "fallback",
      "tax_rate": 0.013710895830014818,
      "tax_rate_source": "income_tax/pretax",
      "weight_equity": 1.0,
      "weight_debt": 0.0,
      "confidence": 0.85,
      "missing_flags": [
        "cost_of_debt",
        "total_debt"
      ],
      "risk_free_source": "fallback"
    },
    "implied_growth": 0.3943310813072821,
    "dcf_sensitivity_impact": 0.6686330157428346,
    "valuation_percentiles": {
      "pe": {
        "current": 209.0257482675925,
        "percentile": 0.5,
        "n_years": 3,
        "min": 180.03668737212652,
        "median": 261.554305666408,
        "max": 382.70637492439835
      },
      "ev_revenue": {
        "current": 75.57904682226769,
        "percentile": 0.75,
        "n_years": 3,
        "min": 16.60447266255483,
        "median": 60.996024587030384,
        "max": 94.65214908190156
      },
      "p_fcf": {
        "current": 161.70389132607474,
        "percentile": 0.75,
        "n_years": 3,
        "min": 54.19291049789396,
        "median": 154.9932129659181,
        "max": 202.34037849348113
      }
    },
    "volatility": 0.5754909486265136,
    "max_drawdown": -0.3818901337688695
  },
  "market_cap": 339673738784.53064,
  "price_used": 141.6999969482422,
  "input_missing_flags": [
    "debt_to_equity"
  ],
  "wacc": 0.11,
  "wacc_assumptions": {
    "wacc": 0.11,
    "method": "capm_phase_a",
    "risk_free_rate": 0.045,
    "equity_risk_premium": 0.05,
    "beta": 1.3,
    "beta_source": "sector_fallback:speculative_tech",
    "cost_of_equity": 0.11,
    "cost_of_debt": 0.05,
    "cost_of_debt_source": "fallback",
    "tax_rate": 0.013710895830014818,
    "tax_rate_source": "income_tax/pretax",
    "weight_equity": 1.0,
    "weight_debt": 0.0,
    "confidence": 0.85,
    "missing_flags": [
      "cost_of_debt",
      "total_debt"
    ],
    "risk_free_source": "fallback"
  },
  "fcf": {
    "operating_cash_flow": 2134473000.0,
    "capex": 33882000.0,
    "fcf": 2100591000.0,
    "fcf_margin": 0.4693590314797676,
    "capex_concept": "PaymentsToAcquirePropertyPlantAndEquipment",
    "ocf_concept": "NetCashProvidedByUsedInOperatingActivities",
    "confidence": 1.0
  },
  "wacc_source": {
    "risk_free_source": "fallback",
    "beta_source": "sector_fallback:speculative_tech",
    "cost_of_debt_source": "fallback",
    "tax_rate_source": "income_tax/pretax",
    "method": "capm_phase_a"
  },
  "valuation_percentiles": {
    "pe": {
      "current": 209.0257482675925,
      "percentile": 0.5,
      "n_years": 3,
      "min": 180.03668737212652,
      "median": 261.554305666408,
      "max": 382.70637492439835
    },
    "ev_revenue": {
      "current": 75.57904682226769,
      "percentile": 0.75,
      "n_years": 3,
      "min": 16.60447266255483,
      "median": 60.996024587030384,
      "max": 94.65214908190156
    },
    "p_fcf": {
      "current": 161.70389132607474,
      "percentile": 0.75,
      "n_years": 3,
      "min": 54.19291049789396,
      "median": 154.9932129659181,
      "max": 202.34037849348113
    }
  }
}