{
  "classification": "wait_for_better_price",
  "confidence": 0.75,
  "reason": "Business is solid but current valuation multiples and expectations gap suggest limited margin of safety.",
  "metrics": {
    "fcf_margin": 0.035916410280471975,
    "net_margin": 0.026936749134766416,
    "operating_margin": 0.04237130977038075,
    "debt_to_equity": 0.7225497052652613,
    "current_ratio": 0.7883756756051071,
    "pe_ratio": 29.864964578836656
  },
  "red_flags": [],
  "missing_data": [
    "gross_margin",
    "valuation_percentile_pe",
    "valuation_percentile_ev_revenue",
    "valuation_percentile_p_fcf"
  ],
  "advanced_scores": {
    "operating_leverage_convexity": {
      "score": 42.907019621363155,
      "confidence": 0.5,
      "inputs_used": {
        "revenue_growth_yoy": 0.11814039242726304,
        "operating_leverage_ratio": -3.4928177474035,
        "operating_margin_trend": -0.03829013052861146,
        "fcf_margin_trend": -0.01581013976724486
      },
      "missing_inputs": [
        "gross_margin"
      ],
      "explanation": "Operating leverage from GM\u00d7growth + op-margin falling. Score: 42.9",
      "failure_modes": []
    },
    "reflexivity_risk": {
      "score": 51.19154584205059,
      "confidence": 1.0,
      "inputs_used": {
        "current_ratio": 0.7883756756051071,
        "debt_to_equity": 0.7225497052652613,
        "sbc_to_revenue": 0.0021695075821050254,
        "shares_change": -0.00769257584723082,
        "volatility": 0.49164457962548036,
        "max_drawdown": -0.6005506233803077
      },
      "missing_inputs": [],
      "explanation": "Financial reflexivity from leverage/liquidity + vol 49%, drawdown -60% (MVP \u2014 not true reflexivity). Risk: 51.2",
      "failure_modes": []
    },
    "expectations_gap": {
      "score": 78.14852318015858,
      "confidence": 1.0,
      "inputs_used": {
        "implied_growth": 0.09097723561100919,
        "historical_growth_ttm": 0.004221100384978878,
        "pe_ratio": 29.864964578836656,
        "fcf_margin_trend": -0.01581013976724486
      },
      "missing_inputs": [],
      "explanation": "Implied growth +9.1% vs historical +0.4% + PE 30, FCF margin slipping. Score: 78.1",
      "failure_modes": []
    },
    "thesis_fragility": {
      "score": 50.731807049114316,
      "confidence": 1.0,
      "inputs_used": {
        "dcf_sensitivity_impact": 0.6014563200136032,
        "pe_ratio": 29.864964578836656,
        "implied_growth": 0.09097723561100919,
        "historical_growth_ttm": 0.004221100384978878,
        "fcf_margin": 0.035916410280471975,
        "fcf_margin_trend": -0.01581013976724486,
        "sbc_to_revenue": 0.0021695075821050254,
        "debt_to_equity": 0.7225497052652613,
        "current_ratio": 0.7883756756051071,
        "volatility": 0.49164457962548036,
        "max_drawdown": -0.6005506233803077
      },
      "missing_inputs": [],
      "explanation": "Fragility blend of sensitivity 0.60, margin 0.76, price_risk 1.00. Score: 50.7",
      "failure_modes": []
    },
    "misunderstood_change": {
      "score": 28.51529008288083,
      "confidence": 0.5,
      "inputs_used": {
        "capex_growth": 0.03515290082880829
      },
      "missing_inputs": [
        "sentiment_shift"
      ],
      "explanation": "Misunderstood change: capex +3.5% (sentiment feed missing \u2014 weak). Score: 28.5",
      "failure_modes": []
    }
  },
  "thesis_invalidation_triggers": [
    "Multiple compression"
  ],
  "monitor_next": [
    "Price action",
    "Entry multiples"
  ],
  "m4_memo_status": "Unavailable",
  "hallucination_audit": "PASSED",
  "ticker": "UNH",
  "real_inputs": {
    "operating_margin": 0.04237130977038075,
    "net_margin": 0.026936749134766416,
    "fcf_margin": 0.035916410280471975,
    "current_ratio": 0.7883756756051071,
    "debt_to_equity": 0.7225497052652613,
    "sbc_to_revenue": 0.0021695075821050254,
    "revenue_growth_yoy": 0.11814039242726304,
    "operating_income_growth_yoy": -0.41264285935515843,
    "operating_leverage_ratio": -3.4928177474035,
    "revenue_cagr": 0.11814039242726304,
    "fcf_growth": -0.22361748369958945,
    "capex_growth": 0.03515290082880829,
    "operating_margin_trend": -0.03829013052861146,
    "fcf_margin_trend": -0.01581013976724486,
    "shares_change": -0.00769257584723082,
    "historical_growth_ttm": 0.004221100384978878,
    "operating_cash_flow": 19697000000.0,
    "ocf_concept": "NetCashProvidedByUsedInOperatingActivities",
    "capex": 3622000000.0,
    "capex_concept": "PaymentsToAcquirePropertyPlantAndEquipment",
    "fcf": 16075000000.0,
    "fcf_confidence": 1.0,
    "pe_ratio": 29.864964578836656,
    "enterprise_value": 408007012962.4547,
    "wacc": 0.09133929168618711,
    "wacc_confidence": 0.85,
    "wacc_assumptions": {
      "wacc": 0.09133929168618711,
      "method": "capm_phase_a",
      "risk_free_rate": 0.045,
      "equity_risk_premium": 0.05,
      "beta": 1.1,
      "beta_source": "default",
      "cost_of_equity": 0.1,
      "cost_of_debt": 0.055337389380530976,
      "cost_of_debt_source": "interest_expense/total_debt",
      "tax_rate": 0.12859767299448868,
      "tax_rate_source": "income_tax/pretax",
      "weight_equity": 0.8327366299578692,
      "weight_debt": 0.1672633700421307,
      "confidence": 0.85,
      "missing_flags": [],
      "risk_free_source": "fallback"
    },
    "implied_growth": 0.09097723561100919,
    "dcf_sensitivity_impact": 0.6014563200136032,
    "volatility": 0.49164457962548036,
    "max_drawdown": -0.6005506233803077
  },
  "market_cap": 360052012962.4547,
  "price_used": 396.4700012207031,
  "input_missing_flags": [
    "gross_margin",
    "valuation_percentile_pe",
    "valuation_percentile_ev_revenue",
    "valuation_percentile_p_fcf"
  ],
  "wacc": 0.09133929168618711,
  "wacc_assumptions": {
    "wacc": 0.09133929168618711,
    "method": "capm_phase_a",
    "risk_free_rate": 0.045,
    "equity_risk_premium": 0.05,
    "beta": 1.1,
    "beta_source": "default",
    "cost_of_equity": 0.1,
    "cost_of_debt": 0.055337389380530976,
    "cost_of_debt_source": "interest_expense/total_debt",
    "tax_rate": 0.12859767299448868,
    "tax_rate_source": "income_tax/pretax",
    "weight_equity": 0.8327366299578692,
    "weight_debt": 0.1672633700421307,
    "confidence": 0.85,
    "missing_flags": [],
    "risk_free_source": "fallback"
  },
  "fcf": {
    "operating_cash_flow": 19697000000.0,
    "capex": 3622000000.0,
    "fcf": 16075000000.0,
    "fcf_margin": 0.035916410280471975,
    "capex_concept": "PaymentsToAcquirePropertyPlantAndEquipment",
    "ocf_concept": "NetCashProvidedByUsedInOperatingActivities",
    "confidence": 1.0
  },
  "wacc_source": {
    "risk_free_source": "fallback",
    "beta_source": "default",
    "cost_of_debt_source": "interest_expense/total_debt",
    "tax_rate_source": "income_tax/pretax",
    "method": "capm_phase_a"
  },
  "valuation_percentiles": null
}